사고번호,사고일시,요일,시군구,사고내용,사망자수,중상자수,경상자수,부상신고자수,사고유형,법규위반,노면상태,기상상태,도로형태,가해운전자 차종,가해운전자 성별,가해운전자 연령,가해운전자 상해정도,피해운전자 차종,피해운전자 성별,피해운전자 연령,피해운전자 상해정도
2018062400100204,2018년 6월 24일 13시,일요일,광주광역시 북구 우산동,경상사고,0,0,1,0,차대사람 - 기타,안전운전불이행,포장 - 건조,맑음,단일로 - 기타,승용,남,46세,상해없음,보행자,여,74세,경상
2018062400100289,2018년 6월 24일 16시,일요일,광주광역시 서구 화정동,중상사고,0,1,0,0,차대사람 - 횡단중,안전운전불이행,포장 - 건조,맑음,교차로 - 교차로안,승용,남,24세,상해없음,보행자,여,80세,중상
2018062400100317,2018년 6월 24일 17시,일요일,광주광역시 광산구 신가동,중상사고,0,1,1,0,차대사람 - 횡단중,안전운전불이행,포장 - 건조,맑음,단일로 - 기타,이륜,남,26세,경상,보행자,남,13세,중상
2018062500100290,2018년 6월 25일 12시,월요일,광주광역시 서구 유촌동,경상사고,0,0,1,0,차대사람 - 길가장자리구역통행중,안전운전불이행,포장 - 건조,맑음,단일로 - 기타,화물,남,28세,상해없음,보행자,남,54세,경상
2018062500100379,2018년 6월 25일 14시,월요일,광주광역시 서구 매월동,중상사고,0,1,0,0,차대사람 - 기타,안전운전불이행,포장 - 건조,맑음,단일로 - 기타,기타불명,기타불명,미분류,기타불명,보행자,남,55세,중상
2018062500100512,2018년 6월 25일 17시,월요일,광주광역시 북구 운암동,경상사고,0,0,1,0,차대사람 - 횡단중,안전운전불이행,포장 - 건조,맑음,교차로 - 교차로안,기타불명,기타불명,미분류,기타불명,보행자,남,15세,경상
2018062500100594,2018년 6월 25일 19시,월요일,광주광역시 남구 봉선동,경상사고,0,0,1,0,차대사람 - 횡단중,신호위반,포장 - 건조,맑음,교차로 - 교차로횡단보도내,승용,남,41세,상해없음,보행자,남,8세,경상
2018062500100623,2018년 6월 25일 20시,월요일,광주광역시 광산구 월계동,부상신고사고,0,0,0,1,차대사람 - 횡단중,안전운전불이행,포장 - 건조,맑음,단일로 - 기타,기타불명,기타불명,미분류,기타불명,보행자,남,8세,부상신고
2018062500100703,2018년 6월 25일 23시,월요일,광주광역시 북구 두암동,중상사고,0,1,0,0,차대사람 - 기타,안전운전불이행,포장 - 건조,맑음,단일로 - 기타,승용,남,36세,상해없음,보행자,남,51세,중상
2018062500100705,2018년 6월 25일 23시,월요일,광주광역시 광산구 우산동,경상사고,0,0,1,0,차대사람 - 차도통행중,안전운전불이행,포장 - 건조,맑음,단일로 - 기타,승용,남,48세,상해없음,보행자,남,53세,경상
2018062600100414,2018년 6월 26일 16시,화요일,광주광역시 북구 연제동,경상사고,0,0,1,0,차대사람 - 횡단중,안전운전불이행,포장 - 건조,맑음,단일로 - 기타,승용,남,58세,상해없음,보행자,여,54세,경상
2018062600100490,2018년 6월 26일 18시,화요일,광주광역시 남구 진월동,중상사고,0,1,6,0,차대사람 - 기타,안전운전불이행,포장 - 건조,맑음,단일로 - 기타,승용,여,58세,상해없음,보행자,남,62세,중상
2018062600100526,2018년 6월 26일 19시,화요일,광주광역시 북구 두암동,중상사고,0,1,0,0,차대사람 - 횡단중,안전운전불이행,포장 - 건조,맑음,단일로 - 기타,승합,남,51세,상해없음,보행자,남,18세,중상
2018062700100025,2018년 6월 27일 01시,수요일,광주광역시 남구 주월동,사망사고,1,0,0,0,차대사람 - 기타,안전운전불이행,포장 - 젖음/습기,비,단일로 - 기타,승용,여,48세,상해없음,보행자,남,35세,사망
2018062700100304,2018년 6월 27일 15시,수요일,광주광역시 북구 신용동,경상사고,0,0,1,0,차대사람 - 횡단중,보행자보호의무위반,포장 - 건조,맑음,교차로 - 교차로안,화물,남,52세,상해없음,보행자,남,3세,경상
2018062700100456,2018년 6월 27일 19시,수요일,광주광역시 서구 유촌동,중상사고,0,1,0,0,차대사람 - 기타,불법유턴,포장 - 건조,맑음,교차로 - 교차로안,승용,남,27세,상해없음,보행자,여,60세,중상
2018062700100515,2018년 6월 27일 21시,수요일,광주광역시 북구 오치동,경상사고,0,0,1,0,차대사람 - 횡단중,보행자보호의무위반,포장 - 건조,맑음,교차로 - 교차로횡단보도내,승용,남,45세,상해없음,보행자,여,42세,경상
2018062700100517,2018년 6월 27일 21시,수요일,광주광역시 광산구 우산동,경상사고,0,0,1,0,차대사람 - 기타,안전운전불이행,포장 - 젖음/습기,비,교차로 - 교차로안,승용,남,51세,상해없음,보행자,남,58세,경상
2018062800100036,2018년 6월 28일 02시,목요일,광주광역시 북구 일곡동,사망사고,1,0,0,0,차대사람 - 차도통행중,안전운전불이행,포장 - 젖음/습기,비,단일로 - 기타,승용,남,23세,상해없음,보행자,남,48세,사망
2018062800100037,2018년 6월 28일 02시,목요일,광주광역시 광산구 월전동,중상사고,0,1,0,0,차대사람 - 횡단중,보행자보호의무위반,포장 - 젖음/습기,비,단일로 - 기타,승용,남,36세,상해없음,보행자,남,32세,중상
2018062800100111,2018년 6월 28일 07시,목요일,광주광역시 서구 화정동,경상사고,0,0,1,0,차대사람 - 횡단중,보행자보호의무위반,포장 - 젖음/습기,비,단일로 - 기타,승용,여,25세,상해없음,보행자,여,15세,경상
2018062800100176,2018년 6월 28일 09시,목요일,광주광역시 광산구 신가동,중상사고,0,1,0,0,차대사람 - 횡단중,신호위반,포장 - 젖음/습기,비,교차로 - 교차로횡단보도내,승용,여,73세,상해없음,보행자,여,58세,중상
2018062800100308,2018년 6월 28일 14시,목요일,광주광역시 남구 방림동,중상사고,0,1,0,0,차대사람 - 기타,보행자보호의무위반,포장 - 젖음/습기,비,교차로 - 교차로부근,승용,남,44세,상해없음,보행자,남,6세,중상
2018062800100450,2018년 6월 28일 18시,목요일,광주광역시 서구 화정동,중상사고,0,1,0,0,차대사람 - 횡단중,안전운전불이행,포장 - 건조,맑음,교차로 - 교차로안,승용,여,34세,상해없음,보행자,여,66세,중상
2018062800100482,2018년 6월 28일 19시,목요일,광주광역시 북구 용두동,중상사고,0,1,1,0,차대사람 - 횡단중,안전운전불이행,포장 - 건조,맑음,교차로 - 교차로부근,이륜,남,30세,경상,보행자,여,52세,중상
2018062900100216,2018년 6월 29일 11시,금요일,광주광역시 북구 신안동,중상사고,0,1,0,0,차대사람 - 기타,안전운전불이행,포장 - 건조,맑음,단일로 - 기타,화물,남,40세,상해없음,보행자,남,73세,중상
2018062900100394,2018년 6월 29일 16시,금요일,광주광역시 서구 화정동,경상사고,0,0,1,0,차대사람 - 기타,안전운전불이행,포장 - 건조,맑음,단일로 - 기타,승용,남,67세,상해없음,보행자,남,12세,경상
2018062900100623,2018년 6월 29일 22시,금요일,광주광역시 광산구 비아동,중상사고,0,1,0,0,차대사람 - 차도통행중,안전운전불이행,포장 - 젖음/습기,비,기타 - 기타,승용,여,45세,상해없음,보행자,남,67세,중상
2018063000100235,2018년 6월 30일 12시,토요일,광주광역시 북구 삼각동,부상신고사고,0,0,0,1,차대사람 - 보도통행중,안전운전불이행,포장 - 젖음/습기,비,교차로 - 교차로횡단보도내,기타불명,기타불명,미분류,기타불명,보행자,남,16세,부상신고
2018063000100477,2018년 6월 30일 20시,토요일,광주광역시 북구 신안동,중상사고,0,1,0,0,차대사람 - 횡단중,안전운전불이행,포장 - 젖음/습기,비,단일로 - 기타,승용,남,57세,상해없음,보행자,여,77세,중상
2018063000100478,2018년 6월 30일 20시,토요일,광주광역시 북구 우산동,중상사고,0,1,0,0,차대사람 - 차도통행중,안전운전불이행,포장 - 젖음/습기,비,교차로 - 교차로안,승용,남,59세,상해없음,보행자,남,65세,중상
2018063000100546,2018년 6월 30일 23시,토요일,광주광역시 남구 월산동,중상사고,0,1,0,0,차대사람 - 횡단중,안전운전불이행,포장 - 젖음/습기,비,단일로 - 기타,승용,여,60세,상해없음,보행자,남,65세,중상
2018070100100149,2018년 7월 1일 11시,일요일,광주광역시 북구 연제동,경상사고,0,0,1,0,차대사람 - 기타,안전운전불이행,포장 - 젖음/습기,비,단일로 - 기타,자전거,남,43세,상해없음,보행자,여,53세,경상
2018070100100315,2018년 7월 1일 18시,일요일,광주광역시 동구 금남로5가,경상사고,0,0,1,0,차대사람 - 길가장자리구역통행중,안전운전불이행,포장 - 젖음/습기,비,기타 - 기타,승용,남,43세,상해없음,보행자,남,50세,경상
2018070200100219,2018년 7월 2일 11시,월요일,광주광역시 서구 광천동,중상사고,0,1,0,0,차대사람 - 횡단중,안전운전불이행,포장 - 건조,맑음,단일로 - 기타,특수,남,69세,상해없음,보행자,여,75세,중상
2018070200100243,2018년 7월 2일 12시,월요일,광주광역시 서구 광천동,중상사고,0,1,0,0,차대사람 - 기타,안전운전불이행,포장 - 건조,맑음,단일로 - 기타,승용,여,57세,상해없음,보행자,여,44세,중상
2018070200100501,2018년 7월 2일 19시,월요일,광주광역시 광산구 산정동,경상사고,0,0,1,0,차대사람 - 차도통행중,안전운전불이행,포장 - 건조,맑음,교차로 - 교차로안,승용,남,68세,상해없음,보행자,남,14세,경상
2018070200100578,2018년 7월 2일 21시,월요일,광주광역시 남구 월산동,경상사고,0,0,1,0,차대사람 - 기타,안전운전불이행,포장 - 건조,맑음,교차로 - 교차로부근,승용,여,44세,상해없음,보행자,남,52세,경상
2018070300100125,2018년 7월 3일 08시,화요일,광주광역시 남구 주월동,중상사고,0,1,0,0,차대사람 - 기타,안전운전불이행,포장 - 건조,맑음,단일로 - 기타,원동기,남,34세,상해없음,보행자,여,64세,중상
2018070300100157,2018년 7월 3일 09시,화요일,광주광역시 북구 북동,중상사고,0,1,0,0,차대사람 - 기타,보행자보호의무위반,포장 - 건조,맑음,교차로 - 교차로횡단보도내,승용,여,52세,상해없음,보행자,여,79세,중상
2018070300100264,2018년 7월 3일 13시,화요일,광주광역시 광산구 소촌동,경상사고,0,0,1,0,차대사람 - 횡단중,신호위반,포장 - 건조,맑음,교차로 - 교차로횡단보도내,승용,여,58세,상해없음,보행자,여,66세,경상
2018070300100292,2018년 7월 3일 14시,화요일,광주광역시 서구 금호동,경상사고,0,0,1,0,차대사람 - 횡단중,보행자보호의무위반,포장 - 건조,맑음,교차로 - 교차로안,승용,남,61세,기타불명,보행자,여,9세,경상
2018070300100294,2018년 7월 3일 14시,화요일,광주광역시 광산구 송정동,경상사고,0,0,1,0,차대사람 - 횡단중,안전운전불이행,포장 - 건조,맑음,교차로 - 교차로부근,자전거,여,55세,상해없음,보행자,여,76세,경상
2018070300100365,2018년 7월 3일 16시,화요일,광주광역시 북구 연제동,부상신고사고,0,0,0,1,차대사람 - 보도통행중,안전운전불이행,포장 - 건조,맑음,단일로 - 기타,기타불명,기타불명,미분류,기타불명,보행자,남,10세,부상신고
2018070300100473,2018년 7월 3일 19시,화요일,광주광역시 북구 운암동,경상사고,0,0,1,0,차대사람 - 기타,안전운전불이행,포장 - 건조,맑음,단일로 - 기타,승용,남,38세,상해없음,보행자,남,50세,경상
2018070400100114,2018년 7월 4일 08시,수요일,광주광역시 광산구 장덕동,경상사고,0,0,1,0,차대사람 - 횡단중,신호위반,포장 - 건조,맑음,교차로 - 교차로횡단보도내,승용,남,69세,상해없음,보행자,남,6세,경상
2018070400100295,2018년 7월 4일 14시,수요일,광주광역시 북구 우산동,경상사고,0,0,1,0,차대사람 - 횡단중,신호위반,포장 - 건조,맑음,단일로 - 기타,승용,여,60세,상해없음,보행자,남,77세,경상
2018070400100565,2018년 7월 4일 21시,수요일,광주광역시 서구 광천동,경상사고,0,0,1,0,차대사람 - 기타,안전거리미확보,포장 - 건조,맑음,단일로 - 기타,자전거,남,11세,상해없음,보행자,여,36세,경상
2018070400100626,2018년 7월 4일 23시,수요일,광주광역시 북구 운암동,중상사고,0,1,0,0,차대사람 - 기타,안전운전불이행,포장 - 건조,맑음,단일로 - 기타,승용,여,43세,상해없음,보행자,남,48세,중상
2018070400100627,2018년 7월 4일 23시,수요일,광주광역시 북구 삼각동,경상사고,0,0,1,0,차대사람 - 횡단중,안전운전불이행,포장 - 젖음/습기,흐림,교차로 - 교차로안,승용,남,61세,상해없음,보행자,여,28세,경상
2018070500100124,2018년 7월 5일 08시,목요일,광주광역시 서구 내방동,중상사고,0,1,1,0,차대사람 - 횡단중,보행자보호의무위반,포장 - 건조,맑음,단일로 - 기타,승용,여,58세,상해없음,보행자,남,26세,경상
2018070500100125,2018년 7월 5일 08시,목요일,광주광역시 광산구 쌍암동,중상사고,0,1,0,0,차대사람 - 횡단중,안전운전불이행,포장 - 젖음/습기,비,교차로 - 교차로안,승용,여,27세,상해없음,보행자,여,50세,중상
2018070500100153,2018년 7월 5일 09시,목요일,광주광역시 북구 두암동,부상신고사고,0,0,0,1,차대사람 - 횡단중,신호위반,포장 - 젖음/습기,흐림,교차로 - 교차로횡단보도내,이륜,기타불명,미분류,기타불명,보행자,여,21세,부상신고
2018070500100155,2018년 7월 5일 09시,목요일,광주광역시 광산구 산월동,경상사고,0,0,19,0,차대사람 - 기타,과속,포장 - 젖음/습기,비,교차로 - 교차로부근,승용,여,47세,상해없음,보행자,여,50세,경상
2018070500100531,2018년 7월 5일 20시,목요일,광주광역시 광산구 신창동,경상사고,0,0,1,0,차대사람 - 차도통행중,안전운전불이행,포장 - 건조,맑음,단일로 - 기타,승용,여,50세,상해없음,보행자,남,20세,경상
2018070500100565,2018년 7월 5일 21시,목요일,광주광역시 서구 쌍촌동,중상사고,0,1,0,0,차대사람 - 기타,안전운전불이행,포장 - 건조,맑음,단일로 - 기타,승용,남,32세,상해없음,보행자,여,31세,중상
2018070500100597,2018년 7월 5일 22시,목요일,광주광역시 동구 동명동,경상사고,0,0,1,0,차대사람 - 횡단중,보행자보호의무위반,포장 - 건조,흐림,교차로 - 교차로횡단보도내,이륜,남,42세,상해없음,보행자,남,49세,경상
2018070600100013,2018년 7월 6일 00시,금요일,광주광역시 북구 신안동,경상사고,0,0,1,0,차대사람 - 길가장자리구역통행중,안전운전불이행,포장 - 젖음/습기,비,단일로 - 기타,승용,남,29세,상해없음,보행자,남,28세,경상
2018070600100143,2018년 7월 6일 09시,금요일,광주광역시 서구 동천동,중상사고,0,1,0,0,차대사람 - 기타,안전운전불이행,포장 - 건조,맑음,단일로 - 기타,승용,남,37세,상해없음,보행자,남,37세,중상
2018070600100145,2018년 7월 6일 09시,금요일,광주광역시 북구 삼각동,경상사고,0,0,1,0,차대사람 - 기타,안전운전불이행,포장 - 건조,맑음,교차로 - 교차로부근,승용,여,32세,상해없음,보행자,여,58세,경상
2018070600100206,2018년 7월 6일 11시,금요일,광주광역시 광산구 수완동,경상사고,0,0,1,0,차대사람 - 기타,안전운전불이행,포장 - 건조,맑음,단일로 - 기타,승용,여,37세,상해없음,보행자,여,74세,경상
2018070600100425,2018년 7월 6일 17시,금요일,광주광역시 서구 농성동,중상사고,0,1,0,0,차대사람 - 횡단중,신호위반,포장 - 건조,맑음,단일로 - 기타,승용,남,28세,상해없음,보행자,남,13세,중상
2018070600100586,2018년 7월 6일 22시,금요일,광주광역시 광산구 수완동,경상사고,0,0,1,0,차대사람 - 기타,안전운전불이행,포장 - 건조,맑음,기타 - 기타,승용,남,58세,기타불명,보행자,남,26세,경상
2018070700100207,2018년 7월 7일 10시,토요일,광주광역시 광산구 우산동,경상사고,0,0,1,0,차대사람 - 횡단중,안전운전불이행,포장 - 건조,맑음,교차로 - 교차로부근,승용,남,44세,상해없음,보행자,남,62세,경상
2018070800100400,2018년 7월 8일 20시,일요일,광주광역시 북구 운암동,경상사고,0,0,2,0,차대사람 - 보도통행중,기타,포장 - 건조,맑음,미분류 - 미분류,승용,여,57세,상해없음,보행자,여,16세,경상
2018070800100441,2018년 7월 8일 22시,일요일,광주광역시 서구 금호동,경상사고,0,0,1,0,차대사람 - 차도통행중,안전운전불이행,포장 - 건조,맑음,단일로 - 기타,승용,여,23세,상해없음,보행자,남,25세,경상
2018070900100402,2018년 7월 9일 18시,월요일,광주광역시 광산구 신가동,경상사고,0,0,1,0,차대사람 - 횡단중,보행자보호의무위반,포장 - 건조,맑음,교차로 - 교차로부근,승용,여,31세,상해없음,보행자,남,6세,경상
2018070900100430,2018년 7월 9일 19시,월요일,광주광역시 광산구 신창동,중상사고,0,1,0,0,차대사람 - 횡단중,안전운전불이행,포장 - 건조,맑음,교차로 - 교차로횡단보도내,승용,여,51세,상해없음,보행자,여,32세,중상
2018070900100461,2018년 7월 9일 20시,월요일,광주광역시 광산구 신가동,경상사고,0,0,1,0,차대사람 - 횡단중,신호위반,포장 - 건조,맑음,교차로 - 교차로안,승용,남,18세,상해없음,보행자,남,38세,경상
2018071000100034,2018년 7월 10일 01시,화요일,광주광역시 서구 치평동,경상사고,0,0,1,0,차대사람 - 차도통행중,안전운전불이행,포장 - 건조,맑음,단일로 - 기타,기타불명,기타불명,미분류,기타불명,보행자,여,36세,경상
2018071000100264,2018년 7월 10일 13시,화요일,광주광역시 남구 서동,경상사고,0,0,1,0,차대사람 - 횡단중,교차로운행방법위반,포장 - 건조,맑음,교차로 - 교차로안,승합,남,47세,상해없음,보행자,여,63세,경상
2018071000100339,2018년 7월 10일 15시,화요일,광주광역시 서구 쌍촌동,경상사고,0,0,1,0,차대사람 - 기타,안전운전불이행,포장 - 건조,맑음,단일로 - 기타,승용,남,42세,상해없음,보행자,남,36세,경상
2018071000100449,2018년 7월 10일 18시,화요일,광주광역시 북구 양산동,중상사고,0,1,0,0,차대사람 - 횡단중,안전운전불이행,포장 - 건조,맑음,단일로 - 기타,승용,남,30세,상해없음,보행자,남,21세,중상
2018071000100580,2018년 7월 10일 22시,화요일,광주광역시 동구 동명동,경상사고,0,0,1,0,차대사람 - 횡단중,안전운전불이행,포장 - 건조,맑음,단일로 - 기타,승합,남,59세,상해없음,보행자,여,20세,경상
2018071100100280,2018년 7월 11일 13시,수요일,광주광역시 광산구 흑석동,경상사고,0,0,1,0,차대사람 - 기타,기타,포장 - 건조,맑음,단일로 - 기타,승용,여,46세,상해없음,보행자,여,13세,경상
2018071100100431,2018년 7월 11일 17시,수요일,광주광역시 동구 계림동,경상사고,0,0,1,0,차대사람 - 횡단중,보행자보호의무위반,포장 - 건조,맑음,단일로 - 기타,승용,남,26세,상해없음,보행자,여,57세,경상
2018071100100609,2018년 7월 11일 22시,수요일,광주광역시 남구 진월동,경상사고,0,0,1,0,차대사람 - 횡단중,보행자보호의무위반,포장 - 건조,맑음,교차로 - 교차로횡단보도내,기타불명,기타불명,미분류,기타불명,보행자,여,18세,경상
2018071200100046,2018년 7월 12일 02시,목요일,광주광역시 북구 양산동,부상신고사고,0,0,0,1,차대사람 - 길가장자리구역통행중,안전운전불이행,포장 - 건조,맑음,단일로 - 기타,승용,남,26세,상해없음,보행자,남,26세,부상신고
2018071200100166,2018년 7월 12일 09시,목요일,광주광역시 북구 용봉동,경상사고,0,0,1,0,차대사람 - 횡단중,안전운전불이행,포장 - 건조,맑음,단일로 - 기타,승용,남,27세,상해없음,보행자,여,78세,경상
2018071200100192,2018년 7월 12일 10시,목요일,광주광역시 북구 신용동,중상사고,0,1,0,0,차대사람 - 횡단중,보행자보호의무위반,포장 - 건조,맑음,교차로 - 교차로횡단보도내,승용,여,37세,상해없음,보행자,여,43세,중상
2018071200100431,2018년 7월 12일 17시,목요일,광주광역시 서구 화정동,중상사고,0,1,0,0,차대사람 - 횡단중,안전운전불이행,포장 - 건조,맑음,단일로 - 기타,승용,남,57세,기타불명,보행자,남,60세,중상
2018071200100478,2018년 7월 12일 18시,목요일,광주광역시 서구 금호동,경상사고,0,0,1,0,차대사람 - 기타,안전운전불이행,포장 - 건조,맑음,단일로 - 기타,승용,남,26세,상해없음,보행자,남,58세,경상
2018071200100565,2018년 7월 12일 21시,목요일,광주광역시 북구 동림동,경상사고,0,0,1,0,차대사람 - 기타,안전운전불이행,포장 - 건조,맑음,단일로 - 기타,자전거,남,55세,상해없음,보행자,남,55세,경상
2018071300100021,2018년 7월 13일 01시,금요일,광주광역시 북구 운암동,부상신고사고,0,0,0,1,차대사람 - 기타,안전운전불이행,포장 - 건조,맑음,교차로 - 교차로안,승용,남,45세,상해없음,보행자,남,35세,부상신고
2018071300100658,2018년 7월 13일 23시,금요일,광주광역시 서구 쌍촌동,경상사고,0,0,1,0,차대사람 - 기타,안전운전불이행,포장 - 건조,흐림,단일로 - 기타,승용,남,31세,상해없음,보행자,여,47세,경상
2018071400100330,2018년 7월 14일 14시,토요일,광주광역시 동구 산수동,경상사고,0,0,1,0,차대사람 - 횡단중,안전운전불이행,포장 - 건조,맑음,단일로 - 기타,자전거,남,75세,기타불명,보행자,여,21세,경상
2018071400100418,2018년 7월 14일 16시,토요일,광주광역시 서구 화정동,중상사고,0,1,0,0,차대사람 - 횡단중,보행자보호의무위반,포장 - 건조,기타,단일로 - 기타,승용,남,39세,상해없음,보행자,여,14세,중상
2018071400100573,2018년 7월 14일 20시,토요일,광주광역시 북구 두암동,경상사고,0,0,1,0,차대사람 - 기타,안전운전불이행,포장 - 건조,맑음,기타 - 기타,승용,남,43세,상해없음,보행자,여,28세,경상
2018071500100216,2018년 7월 15일 13시,일요일,광주광역시 북구 운암동,부상신고사고,0,0,0,1,차대사람 - 기타,안전운전불이행,포장 - 건조,맑음,기타 - 기타,자전거,남,14세,상해없음,보행자,여,76세,부상신고
2018071500100440,2018년 7월 15일 21시,일요일,광주광역시 북구 우산동,경상사고,0,0,1,0,차대사람 - 기타,안전운전불이행,포장 - 건조,맑음,교차로 - 교차로부근,승용,남,24세,상해없음,보행자,남,48세,경상
2018071600100374,2018년 7월 16일 15시,월요일,광주광역시 광산구 월계동,부상신고사고,0,0,0,1,차대사람 - 보도통행중,안전운전불이행,포장 - 건조,맑음,단일로 - 기타,승용,남,42세,상해없음,보행자,남,21세,부상신고
2018071600100548,2018년 7월 16일 19시,월요일,광주광역시 북구 운암동,경상사고,0,0,1,0,차대사람 - 기타,안전운전불이행,포장 - 건조,맑음,단일로 - 기타,승용,남,35세,상해없음,보행자,남,54세,경상
2018071600100604,2018년 7월 16일 21시,월요일,광주광역시 북구 두암동,경상사고,0,0,1,0,차대사람 - 횡단중,안전운전불이행,포장 - 건조,맑음,단일로 - 기타,승용,여,45세,상해없음,보행자,남,52세,경상
2018071700100008,2018년 7월 17일 00시,화요일,광주광역시 동구 금동,경상사고,0,0,1,0,차대사람 - 기타,안전운전불이행,포장 - 건조,맑음,단일로 - 기타,승용,남,36세,상해없음,보행자,남,19세,경상
2018071700100184,2018년 7월 17일 09시,화요일,광주광역시 광산구 신가동,경상사고,0,0,1,0,차대사람 - 횡단중,안전운전불이행,포장 - 건조,맑음,단일로 - 기타,승용,여,37세,상해없음,보행자,남,76세,경상
2018071700100325,2018년 7월 17일 13시,화요일,광주광역시 동구 남동,경상사고,0,0,1,0,차대사람 - 기타,신호위반,포장 - 건조,맑음,단일로 - 기타,승용,여,52세,상해없음,보행자,남,29세,경상
2018071700100545,2018년 7월 17일 18시,화요일,광주광역시 남구 진월동,경상사고,0,0,1,0,차대사람 - 기타,안전운전불이행,포장 - 건조,맑음,단일로 - 기타,기타불명,기타불명,미분류,기타불명,보행자,남,8세,경상
2018071800100044,2018년 7월 18일 04시,수요일,광주광역시 서구 화정동,중상사고,0,1,0,0,차대사람 - 횡단중,안전운전불이행,포장 - 건조,맑음,교차로 - 교차로부근,승용,남,58세,상해없음,보행자,여,70세,중상
2018071900100559,2018년 7월 19일 18시,목요일,광주광역시 남구 봉선동,경상사고,0,0,1,0,차대사람 - 기타,안전운전불이행,포장 - 건조,맑음,교차로 - 교차로부근,승용,남,25세,상해없음,보행자,여,65세,경상
2018071900100635,2018년 7월 19일 20시,목요일,광주광역시 북구 두암동,경상사고,0,0,1,0,차대사람 - 기타,안전운전불이행,포장 - 건조,맑음,단일로 - 기타,이륜,남,68세,상해없음,보행자,남,23세,경상
2018072000100473,2018년 7월 20일 16시,금요일,광주광역시 광산구 운남동,경상사고,0,0,1,0,차대사람 - 횡단중,보행자보호의무위반,포장 - 건조,맑음,단일로 - 기타,승용,여,40세,상해없음,보행자,남,26세,경상
2018072000100647,2018년 7월 20일 19시,금요일,광주광역시 서구 유촌동,경상사고,0,0,1,0,차대사람 - 길가장자리구역통행중,안전운전불이행,포장 - 건조,맑음,단일로 - 기타,승용,남,52세,상해없음,보행자,남,44세,경상
2018072000100735,2018년 7월 20일 21시,금요일,광주광역시 북구 오치동,중상사고,0,1,0,0,차대사람 - 횡단중,보행자보호의무위반,포장 - 건조,맑음,단일로 - 기타,승용,남,52세,상해없음,보행자,남,71세,중상
2018072100100230,2018년 7월 21일 11시,토요일,광주광역시 북구 각화동,경상사고,0,0,1,0,차대사람 - 기타,안전운전불이행,포장 - 건조,맑음,단일로 - 기타,승용,여,64세,상해없음,보행자,여,72세,경상
2018072100100311,2018년 7월 21일 13시,토요일,광주광역시 서구 풍암동,부상신고사고,0,0,0,1,차대사람 - 차도통행중,안전운전불이행,포장 - 건조,맑음,교차로 - 교차로부근,승용,남,61세,상해없음,보행자,여,15세,부상신고
2018072100100491,2018년 7월 21일 18시,토요일,광주광역시 남구 월산동,중상사고,0,1,0,0,차대사람 - 기타,안전운전불이행,포장 - 건조,맑음,단일로 - 기타,이륜,남,20세,상해없음,보행자,남,52세,중상
2018072100100549,2018년 7월 21일 20시,토요일,광주광역시 북구 동림동,중상사고,0,2,0,0,차대사람 - 기타,안전운전불이행,포장 - 건조,맑음,단일로 - 기타,자전거,남,53세,중상,보행자,여,55세,중상
2018072100100610,2018년 7월 21일 22시,토요일,광주광역시 북구 연제동,경상사고,0,0,1,0,차대사람 - 기타,안전운전불이행,포장 - 건조,맑음,교차로 - 교차로부근,승용,남,34세,상해없음,보행자,남,53세,경상
2018072200100017,2018년 7월 22일 00시,일요일,광주광역시 서구 금호동,경상사고,0,0,1,0,차대사람 - 기타,안전운전불이행,포장 - 건조,맑음,단일로 - 기타,승용,여,48세,상해없음,보행자,남,22세,경상
2018072200100057,2018년 7월 22일 04시,일요일,광주광역시 서구 치평동,경상사고,0,0,1,0,차대사람 - 횡단중,안전운전불이행,포장 - 건조,맑음,단일로 - 기타,승용,남,33세,상해없음,보행자,남,25세,경상
2018072200100067,2018년 7월 22일 05시,일요일,광주광역시 남구 구소동,중상사고,0,1,0,0,차대사람 - 기타,안전운전불이행,포장 - 건조,맑음,교차로 - 교차로안,화물,남,59세,상해없음,보행자,남,65세,중상
2018072200100453,2018년 7월 22일 20시,일요일,광주광역시 남구 양림동,중상사고,0,1,0,0,차대사람 - 횡단중,안전거리미확보,포장 - 건조,맑음,단일로 - 기타,승용,남,28세,상해없음,보행자,여,74세,중상
2018072200100511,2018년 7월 22일 23시,일요일,광주광역시 남구 서동,중상사고,0,1,1,0,차대사람 - 횡단중,안전운전불이행,포장 - 건조,맑음,교차로 - 교차로안,승용,남,69세,상해없음,보행자,남,57세,중상
2018072200100512,2018년 7월 22일 23시,일요일,광주광역시 북구 동림동,경상사고,0,0,1,0,차대사람 - 기타,안전운전불이행,포장 - 건조,맑음,단일로 - 교량,승용,남,65세,상해없음,보행자,남,21세,경상
2018072300100088,2018년 7월 23일 07시,월요일,광주광역시 남구 봉선동,중상사고,0,1,0,0,차대사람 - 횡단중,안전운전불이행,포장 - 건조,맑음,교차로 - 교차로안,승용,남,37세,상해없음,보행자,남,55세,중상