사고번호,사고일시,요일,시군구,사고내용,사망자수,중상자수,경상자수,부상신고자수,사고유형,법규위반,노면상태,기상상태,도로형태,가해운전자 차종,가해운전자 성별,가해운전자 연령,가해운전자 상해정도,피해운전자 차종,피해운전자 성별,피해운전자 연령,피해운전자 상해정도
2019090200100165,2019년 9월 2일 08시,월요일,광주광역시 동구 궁동,경상사고,0,0,1,0,차대사람 - 기타,안전운전불이행,포장 - 건조,맑음,단일로 - 기타,승용,남,50세,상해없음,보행자,여,62세,경상
2019090200100207,2019년 9월 2일 09시,월요일,광주광역시 광산구 도산동,경상사고,0,0,1,1,차대사람 - 차도통행중,안전운전불이행,포장 - 건조,맑음,단일로 - 기타,승용,남,46세,상해없음,보행자,여,25세,경상
2019090200100320,2019년 9월 2일 12시,월요일,광주광역시 북구 두암동,부상신고사고,0,0,0,1,차대사람 - 기타,안전운전불이행,포장 - 건조,맑음,교차로 - 교차로부근,기타불명,기타불명,미분류,기타불명,보행자,여,37세,부상신고
2019090200100614,2019년 9월 2일 19시,월요일,광주광역시 광산구 쌍암동,경상사고,0,0,1,0,차대사람 - 길가장자리구역통행중,불법유턴,포장 - 젖음/습기,흐림,단일로 - 기타,승용,남,53세,상해없음,보행자,남,23세,경상
2019090200100694,2019년 9월 2일 21시,월요일,광주광역시 서구 쌍촌동,경상사고,0,0,1,0,차대사람 - 기타,안전운전불이행,포장 - 젖음/습기,비,교차로 - 교차로부근,승용,남,64세,상해없음,보행자,여,26세,경상
2019090200100697,2019년 9월 2일 21시,월요일,광주광역시 광산구 신가동,부상신고사고,0,0,0,1,차대사람 - 차도통행중,안전운전불이행,포장 - 젖음/습기,비,단일로 - 기타,승용,여,46세,상해없음,보행자,남,65세,부상신고
2019090300100092,2019년 9월 3일 06시,화요일,광주광역시 서구 양동,중상사고,0,1,0,0,차대사람 - 차도통행중,신호위반,포장 - 젖음/습기,비,교차로 - 교차로안,화물,남,69세,상해없음,보행자,여,75세,중상
2019090300100093,2019년 9월 3일 06시,화요일,광주광역시 북구 두암동,중상사고,0,1,0,0,차대사람 - 횡단중,안전운전불이행,포장 - 건조,맑음,교차로 - 교차로횡단보도내,화물,남,67세,상해없음,보행자,여,85세,중상
2019090300100446,2019년 9월 3일 16시,화요일,광주광역시 북구 용봉동,중상사고,0,1,0,0,차대사람 - 기타,안전운전불이행,포장 - 건조,맑음,단일로 - 기타,승용,여,29세,상해없음,보행자,여,81세,중상
2019090300100549,2019년 9월 3일 18시,화요일,광주광역시 광산구 신가동,경상사고,0,0,1,0,차대사람 - 기타,안전운전불이행,포장 - 건조,맑음,단일로 - 기타,자전거,남,12세,상해없음,보행자,남,61세,경상
2019090400100029,2019년 9월 4일 00시,수요일,광주광역시 서구 화정동,중상사고,0,1,0,0,차대사람 - 기타,기타,포장 - 건조,맑음,단일로 - 기타,승용,남,55세,상해없음,보행자,남,33세,중상
2019090400100066,2019년 9월 4일 05시,수요일,광주광역시 북구 동림동,경상사고,0,0,1,0,차대사람 - 차도통행중,안전운전불이행,포장 - 젖음/습기,비,교차로 - 교차로안,승용,남,50세,상해없음,보행자,여,58세,경상
2019090400100148,2019년 9월 4일 08시,수요일,광주광역시 광산구 우산동,경상사고,0,0,1,0,차대사람 - 기타,안전운전불이행,포장 - 젖음/습기,비,단일로 - 기타,승용,남,46세,상해없음,보행자,남,38세,경상
2019090400100375,2019년 9월 4일 15시,수요일,광주광역시 북구 용봉동,중상사고,0,1,0,0,차대사람 - 차도통행중,안전운전불이행,포장 - 젖음/습기,흐림,교차로 - 교차로안,승용,여,39세,상해없음,보행자,여,7세,중상
2019090400100410,2019년 9월 4일 16시,수요일,광주광역시 광산구 신창동,중상사고,0,1,0,0,차대사람 - 횡단중,안전운전불이행,포장 - 젖음/습기,흐림,교차로 - 교차로안,승용,여,49세,상해없음,보행자,남,70세,중상
2019090400100454,2019년 9월 4일 17시,수요일,광주광역시 북구 신안동,경상사고,0,0,1,0,차대사람 - 기타,안전운전불이행,포장 - 건조,맑음,단일로 - 기타,승용,남,69세,상해없음,보행자,남,12세,경상
2019090400100456,2019년 9월 4일 17시,수요일,광주광역시 광산구 송정동,중상사고,0,1,0,0,차대사람 - 기타,보행자보호의무위반,포장 - 건조,맑음,단일로 - 기타,승용,여,36세,상해없음,보행자,남,13세,중상
2019090400100553,2019년 9월 4일 19시,수요일,광주광역시 북구 두암동,사망사고,1,0,0,0,차대사람 - 기타,안전운전불이행,포장 - 건조,흐림,단일로 - 기타,승합,남,28세,상해없음,보행자,남,84세,사망
2019090500100225,2019년 9월 5일 09시,목요일,광주광역시 서구 쌍촌동,경상사고,0,0,1,0,차대사람 - 기타,기타,포장 - 건조,맑음,단일로 - 기타,자전거,남,60세,상해없음,보행자,여,25세,경상
2019090500100304,2019년 9월 5일 12시,목요일,광주광역시 동구 궁동,경상사고,0,0,1,0,차대사람 - 횡단중,안전운전불이행,포장 - 건조,맑음,단일로 - 기타,기타불명,기타불명,미분류,기타불명,보행자,여,70세,경상
2019090500100636,2019년 9월 5일 20시,목요일,광주광역시 서구 금호동,중상사고,0,1,0,0,차대사람 - 횡단중,보행자보호의무위반,포장 - 젖음/습기,비,교차로 - 교차로횡단보도내,승용,남,36세,상해없음,보행자,남,47세,중상
2019090500100661,2019년 9월 5일 21시,목요일,광주광역시 서구 광천동,경상사고,0,0,1,0,차대사람 - 횡단중,안전운전불이행,포장 - 건조,맑음,단일로 - 기타,승용,남,31세,상해없음,보행자,여,64세,경상
2019090500100662,2019년 9월 5일 21시,목요일,광주광역시 북구 우산동,중상사고,0,1,0,0,차대사람 - 차도통행중,안전운전불이행,포장 - 건조,맑음,단일로 - 기타,승용,남,71세,상해없음,보행자,남,42세,중상
2019090600100074,2019년 9월 6일 05시,금요일,광주광역시 광산구 선암동,경상사고,0,0,1,0,차대사람 - 횡단중,안전운전불이행,포장 - 건조,맑음,교차로 - 교차로부근,승용,여,56세,상해없음,보행자,여,70세,경상
2019090600100318,2019년 9월 6일 14시,금요일,광주광역시 북구 두암동,경상사고,0,0,1,0,차대사람 - 차도통행중,안전운전불이행,포장 - 건조,맑음,교차로 - 교차로안,승합,남,42세,상해없음,보행자,여,63세,경상
2019090600100465,2019년 9월 6일 17시,금요일,광주광역시 북구 유동,중상사고,0,1,0,0,차대사람 - 횡단중,안전운전불이행,포장 - 건조,흐림,교차로 - 교차로부근,승용,남,57세,상해없음,보행자,남,21세,중상
2019090600100567,2019년 9월 6일 19시,금요일,광주광역시 서구 치평동,경상사고,0,0,1,0,차대사람 - 기타,안전운전불이행,포장 - 건조,맑음,교차로 - 교차로부근,승용,남,21세,상해없음,보행자,여,29세,경상
2019090600100614,2019년 9월 6일 20시,금요일,광주광역시 동구 대인동,중상사고,0,1,0,0,차대사람 - 기타,안전운전불이행,포장 - 건조,흐림,교차로 - 교차로부근,승용,남,50세,상해없음,보행자,남,64세,중상
2019090600100694,2019년 9월 6일 22시,금요일,광주광역시 북구 각화동,중상사고,0,1,0,0,차대사람 - 차도통행중,안전운전불이행,포장 - 건조,맑음,단일로 - 기타,승용,남,35세,상해없음,보행자,여,81세,중상
2019090700100242,2019년 9월 7일 11시,토요일,광주광역시 남구 진월동,부상신고사고,0,0,0,1,차대사람 - 기타,안전운전불이행,포장 - 건조,맑음,단일로 - 기타,승용,남,62세,상해없음,보행자,여,60세,부상신고
2019090700100292,2019년 9월 7일 13시,토요일,광주광역시 북구 본촌동,중상사고,0,2,0,0,차대사람 - 기타,안전운전불이행,포장 - 건조,맑음,교차로 - 교차로안,승용,남,63세,상해없음,보행자,남,19세,중상
2019090700100350,2019년 9월 7일 16시,토요일,광주광역시 광산구 송정동,경상사고,0,0,1,0,차대사람 - 길가장자리구역통행중,안전운전불이행,포장 - 젖음/습기,흐림,단일로 - 기타,승용,남,74세,상해없음,보행자,여,67세,경상
2019090700100401,2019년 9월 7일 18시,토요일,광주광역시 서구 치평동,경상사고,0,0,1,0,차대사람 - 기타,안전운전불이행,포장 - 건조,맑음,단일로 - 기타,승용,남,62세,상해없음,보행자,남,46세,경상
2019090700100430,2019년 9월 7일 19시,토요일,광주광역시 북구 신용동,경상사고,0,0,1,0,차대사람 - 길가장자리구역통행중,안전운전불이행,포장 - 건조,맑음,단일로 - 기타,승용,남,30세,상해없음,보행자,남,44세,경상
2019090800100051,2019년 9월 8일 02시,일요일,광주광역시 북구 오치동,경상사고,0,0,1,0,차대사람 - 횡단중,신호위반,포장 - 건조,맑음,교차로 - 교차로횡단보도내,이륜,남,23세,상해없음,보행자,남,33세,경상
2019090800100229,2019년 9월 8일 13시,일요일,광주광역시 광산구 수완동,경상사고,0,0,1,0,차대사람 - 기타,기타,포장 - 건조,맑음,교차로 - 교차로부근,승용,남,60세,상해없음,보행자,여,86세,경상
2019090800100336,2019년 9월 8일 16시,일요일,광주광역시 광산구 신촌동,경상사고,0,0,1,0,차대사람 - 기타,안전운전불이행,포장 - 젖음/습기,흐림,교차로 - 교차로안,승용,여,41세,상해없음,보행자,여,72세,경상
2019090800100493,2019년 9월 8일 21시,일요일,광주광역시 동구 산수동,중상사고,0,1,0,0,차대사람 - 기타,기타,포장 - 젖음/습기,비,단일로 - 기타,승합,남,43세,상해없음,보행자,남,56세,중상
2019090900100049,2019년 9월 9일 03시,월요일,광주광역시 북구 각화동,중상사고,0,1,0,0,차대사람 - 횡단중,안전운전불이행,포장 - 젖음/습기,비,교차로 - 교차로안,승용,남,40세,상해없음,보행자,남,69세,중상
2019090900100058,2019년 9월 9일 04시,월요일,광주광역시 북구 용봉동,경상사고,0,0,2,0,차대사람 - 기타,안전운전불이행,포장 - 젖음/습기,비,교차로 - 교차로안,승용,남,30세,기타불명,보행자,여,25세,경상
2019090900100503,2019년 9월 9일 16시,월요일,광주광역시 서구 쌍촌동,중상사고,0,1,0,0,차대사람 - 기타,기타,포장 - 건조,맑음,기타 - 기타,이륜,남,56세,상해없음,보행자,남,77세,중상
2019090900100543,2019년 9월 9일 17시,월요일,광주광역시 서구 쌍촌동,중상사고,0,1,0,0,차대사람 - 기타,안전운전불이행,포장 - 건조,맑음,교차로 - 교차로안,승용,남,27세,상해없음,보행자,여,86세,중상
2019090900100655,2019년 9월 9일 19시,월요일,광주광역시 광산구 월계동,경상사고,0,0,1,0,차대사람 - 횡단중,안전운전불이행,포장 - 젖음/습기,비,교차로 - 교차로횡단보도내,승용,남,54세,상해없음,보행자,남,59세,경상
2019091000100411,2019년 9월 10일 13시,화요일,광주광역시 광산구 송정동,경상사고,0,0,1,0,차대사람 - 횡단중,안전운전불이행,포장 - 건조,맑음,단일로 - 기타,승용,여,63세,상해없음,보행자,남,51세,경상
2019091000100451,2019년 9월 10일 14시,화요일,광주광역시 북구 일곡동,중상사고,0,1,0,0,차대사람 - 기타,신호위반,포장 - 건조,맑음,교차로 - 교차로안,승용,여,44세,상해없음,보행자,여,7세,중상
2019091000100620,2019년 9월 10일 18시,화요일,광주광역시 서구 쌍촌동,중상사고,0,1,0,0,차대사람 - 기타,안전운전불이행,포장 - 건조,맑음,교차로 - 교차로부근,승합,남,46세,상해없음,보행자,남,42세,중상
2019091000100621,2019년 9월 10일 18시,화요일,광주광역시 북구 두암동,부상신고사고,0,0,0,1,차대사람 - 기타,안전운전불이행,포장 - 건조,맑음,단일로 - 기타,기타불명,기타불명,미분류,기타불명,보행자,남,13세,부상신고
2019091000100622,2019년 9월 10일 18시,화요일,광주광역시 광산구 송정동,경상사고,0,0,1,0,차대사람 - 횡단중,보행자보호의무위반,포장 - 건조,맑음,단일로 - 기타,승용,남,24세,상해없음,보행자,남,5세,경상
2019091000100684,2019년 9월 10일 19시,화요일,광주광역시 북구 우산동,경상사고,0,0,1,0,차대사람 - 기타,안전운전불이행,포장 - 건조,맑음,단일로 - 기타,승용,남,32세,상해없음,보행자,남,74세,경상
2019091000100776,2019년 9월 10일 21시,화요일,광주광역시 북구 일곡동,경상사고,0,0,1,0,차대사람 - 기타,안전운전불이행,포장 - 건조,맑음,단일로 - 기타,승용,남,56세,상해없음,보행자,남,47세,경상
2019091000100824,2019년 9월 10일 22시,화요일,광주광역시 광산구 쌍암동,경상사고,0,0,1,0,차대사람 - 횡단중,보행자보호의무위반,포장 - 건조,맑음,교차로 - 교차로횡단보도내,승용,남,45세,상해없음,보행자,남,58세,경상
2019091100100192,2019년 9월 11일 08시,수요일,광주광역시 광산구 월계동,중상사고,0,1,0,0,차대사람 - 기타,안전운전불이행,포장 - 건조,맑음,단일로 - 기타,승용,남,59세,상해없음,보행자,남,75세,중상
2019091100100508,2019년 9월 11일 15시,수요일,광주광역시 서구 화정동,경상사고,0,0,1,0,차대사람 - 횡단중,안전운전불이행,포장 - 건조,맑음,단일로 - 기타,승용,남,63세,상해없음,보행자,여,10세,경상
2019091100100624,2019년 9월 11일 17시,수요일,광주광역시 서구 쌍촌동,경상사고,0,0,1,0,차대사람 - 횡단중,보행자보호의무위반,포장 - 건조,맑음,단일로 - 기타,승용,여,36세,상해없음,보행자,여,11세,경상
2019091100100625,2019년 9월 11일 17시,수요일,광주광역시 서구 화정동,부상신고사고,0,0,0,1,차대사람 - 차도통행중,안전운전불이행,포장 - 건조,맑음,단일로 - 기타,기타불명,기타불명,미분류,기타불명,보행자,여,28세,부상신고
2019091100100678,2019년 9월 11일 18시,수요일,광주광역시 남구 봉선동,경상사고,0,0,1,0,차대사람 - 기타,안전운전불이행,포장 - 건조,맑음,단일로 - 기타,승용,남,64세,상해없음,보행자,여,56세,경상
2019091100100743,2019년 9월 11일 19시,수요일,광주광역시 서구 쌍촌동,경상사고,0,0,1,0,차대사람 - 횡단중,안전운전불이행,포장 - 건조,맑음,교차로 - 교차로안,화물,남,43세,상해없음,보행자,남,33세,경상
2019091100100780,2019년 9월 11일 20시,수요일,광주광역시 남구 주월동,경상사고,0,0,1,0,차대사람 - 횡단중,안전운전불이행,포장 - 건조,맑음,단일로 - 기타,승용,남,38세,상해없음,보행자,남,72세,경상
2019091100100811,2019년 9월 11일 21시,수요일,광주광역시 서구 화정동,경상사고,0,0,1,0,차대사람 - 기타,안전운전불이행,포장 - 건조,맑음,단일로 - 기타,승용,여,55세,상해없음,보행자,여,24세,경상
2019091200100029,2019년 9월 12일 00시,목요일,광주광역시 서구 풍암동,중상사고,0,1,0,0,차대사람 - 횡단중,보행자보호의무위반,포장 - 건조,맑음,교차로 - 교차로안,승용,남,59세,상해없음,보행자,여,23세,중상
2019091200100106,2019년 9월 12일 06시,목요일,광주광역시 북구 양산동,중상사고,0,1,0,0,차대사람 - 횡단중,신호위반,포장 - 건조,맑음,단일로 - 기타,승용,남,46세,기타불명,보행자,여,82세,중상
2019091200100143,2019년 9월 12일 08시,목요일,광주광역시 북구 문흥동,중상사고,0,1,0,0,차대사람 - 보도통행중,보행자보호의무위반,포장 - 건조,흐림,교차로 - 교차로부근,승용,남,41세,상해없음,보행자,여,67세,중상
2019091300100054,2019년 9월 13일 03시,금요일,광주광역시 서구 치평동,경상사고,0,0,1,0,차대사람 - 기타,안전운전불이행,포장 - 건조,맑음,교차로 - 교차로안,승용,남,29세,상해없음,보행자,남,27세,경상
2019091300100100,2019년 9월 13일 09시,금요일,광주광역시 북구 두암동,경상사고,0,0,1,0,차대사람 - 기타,안전운전불이행,포장 - 건조,맑음,단일로 - 기타,승용,남,25세,기타불명,보행자,여,27세,경상
2019091300100448,2019년 9월 13일 23시,금요일,광주광역시 동구 광산동,경상사고,0,0,2,0,차대사람 - 기타,안전운전불이행,포장 - 건조,맑음,단일로 - 기타,승용,남,31세,상해없음,보행자,남,24세,경상
2019091300100449,2019년 9월 13일 23시,금요일,광주광역시 남구 진월동,경상사고,0,0,1,0,차대사람 - 기타,안전운전불이행,포장 - 건조,맑음,단일로 - 기타,승용,남,67세,상해없음,보행자,남,23세,경상
2019091400100037,2019년 9월 14일 01시,토요일,광주광역시 동구 금동,부상신고사고,0,0,0,1,차대사람 - 기타,안전운전불이행,포장 - 건조,맑음,단일로 - 기타,승용,남,31세,상해없음,보행자,남,39세,부상신고
2019091400100042,2019년 9월 14일 02시,토요일,광주광역시 서구 금호동,경상사고,0,0,1,0,차대사람 - 횡단중,신호위반,포장 - 건조,맑음,교차로 - 교차로안,승용,남,27세,상해없음,보행자,여,24세,경상
2019091400100373,2019년 9월 14일 20시,토요일,광주광역시 광산구 쌍암동,경상사고,0,0,1,0,차대사람 - 기타,안전운전불이행,포장 - 건조,맑음,단일로 - 기타,승용,남,35세,상해없음,보행자,여,83세,경상
2019091500100173,2019년 9월 15일 12시,일요일,광주광역시 동구 지산동,경상사고,0,0,1,0,차대사람 - 길가장자리구역통행중,안전운전불이행,포장 - 건조,맑음,단일로 - 기타,승용,남,58세,상해없음,보행자,여,1세,경상
2019091500100263,2019년 9월 15일 15시,일요일,광주광역시 남구 양림동,경상사고,0,0,1,0,차대사람 - 기타,안전운전불이행,포장 - 건조,맑음,단일로 - 기타,승용,남,33세,상해없음,보행자,남,50세,경상
2019091500100264,2019년 9월 15일 15시,일요일,광주광역시 북구 양산동,부상신고사고,0,0,0,1,차대사람 - 횡단중,안전운전불이행,포장 - 건조,맑음,단일로 - 기타,승용,남,32세,상해없음,보행자,남,26세,부상신고
2019091500100358,2019년 9월 15일 18시,일요일,광주광역시 북구 두암동,경상사고,0,0,1,0,차대사람 - 기타,안전운전불이행,포장 - 건조,맑음,교차로 - 교차로안,승용,남,59세,상해없음,보행자,남,69세,경상
2019091600100164,2019년 9월 16일 08시,월요일,광주광역시 남구 봉선동,경상사고,0,0,1,0,차대사람 - 횡단중,보행자보호의무위반,포장 - 건조,맑음,교차로 - 교차로횡단보도내,승용,남,59세,상해없음,보행자,여,18세,경상
2019091600100167,2019년 9월 16일 08시,월요일,광주광역시 광산구 쌍암동,중상사고,0,1,0,0,차대사람 - 차도통행중,안전운전불이행,포장 - 건조,맑음,교차로 - 교차로부근,승용,남,54세,상해없음,보행자,여,77세,중상
2019091600100241,2019년 9월 16일 10시,월요일,광주광역시 동구 산수동,중상사고,0,1,0,0,차대사람 - 기타,안전운전불이행,포장 - 건조,맑음,교차로 - 교차로안,화물,남,66세,상해없음,보행자,여,85세,중상
2019091600100374,2019년 9월 16일 14시,월요일,광주광역시 북구 두암동,경상사고,0,0,1,0,차대사람 - 횡단중,안전운전불이행,포장 - 건조,맑음,단일로 - 기타,화물,남,59세,상해없음,보행자,여,61세,경상
2019091700100252,2019년 9월 17일 10시,화요일,광주광역시 서구 풍암동,경상사고,0,0,1,0,차대사람 - 기타,안전운전불이행,포장 - 건조,맑음,교차로 - 교차로부근,승용,여,48세,상해없음,보행자,여,71세,경상
2019091700100284,2019년 9월 17일 11시,화요일,광주광역시 북구 중흥동,중상사고,0,1,0,0,차대사람 - 차도통행중,안전운전불이행,포장 - 건조,맑음,교차로 - 교차로부근,승용,남,34세,상해없음,보행자,여,58세,중상
2019091700100350,2019년 9월 17일 13시,화요일,광주광역시 북구 동림동,부상신고사고,0,0,0,1,차대사람 - 보도통행중,안전운전불이행,포장 - 건조,맑음,단일로 - 기타,승용,남,28세,상해없음,보행자,여,67세,부상신고
2019091700100383,2019년 9월 17일 14시,화요일,광주광역시 북구 매곡동,부상신고사고,0,0,0,1,차대사람 - 기타,안전운전불이행,포장 - 건조,맑음,단일로 - 기타,기타불명,기타불명,미분류,기타불명,보행자,여,7세,부상신고
2019091700100467,2019년 9월 17일 16시,화요일,광주광역시 북구 신안동,중상사고,0,1,0,0,차대사람 - 횡단중,중앙선침범,포장 - 건조,맑음,단일로 - 기타,승용,남,47세,상해없음,보행자,여,70세,중상
2019091700100468,2019년 9월 17일 16시,화요일,광주광역시 북구 운암동,경상사고,0,0,1,0,차대사람 - 기타,보행자보호의무위반,포장 - 건조,맑음,교차로 - 교차로횡단보도내,기타불명,기타불명,미분류,기타불명,보행자,남,63세,경상
2019091700100659,2019년 9월 17일 21시,화요일,광주광역시 북구 용봉동,경상사고,0,0,1,0,차대사람 - 기타,안전운전불이행,포장 - 건조,맑음,단일로 - 기타,이륜,남,18세,상해없음,보행자,남,22세,경상
2019091800100042,2019년 9월 18일 01시,수요일,광주광역시 동구 광산동,경상사고,0,0,1,0,차대사람 - 기타,신호위반,포장 - 건조,맑음,교차로 - 교차로횡단보도내,승용,남,46세,상해없음,보행자,여,20세,경상
2019091800100141,2019년 9월 18일 08시,수요일,광주광역시 남구 월산동,중상사고,0,1,0,0,차대사람 - 횡단중,안전운전불이행,포장 - 건조,맑음,단일로 - 기타,화물,남,24세,상해없음,보행자,남,41세,중상
2019091800100350,2019년 9월 18일 14시,수요일,광주광역시 북구 두암동,중상사고,0,1,0,0,차대사람 - 횡단중,안전운전불이행,포장 - 건조,맑음,교차로 - 교차로안,승용,남,35세,상해없음,보행자,여,65세,중상
2019091800100496,2019년 9월 18일 17시,수요일,광주광역시 서구 풍암동,경상사고,0,0,1,0,차대사람 - 차도통행중,안전운전불이행,포장 - 건조,맑음,단일로 - 기타,승용,남,46세,상해없음,보행자,남,60세,경상
2019091800100562,2019년 9월 18일 18시,수요일,광주광역시 남구 서동,경상사고,0,0,1,0,차대사람 - 횡단중,보행자보호의무위반,포장 - 건조,맑음,단일로 - 기타,기타불명,기타불명,미분류,기타불명,보행자,여,18세,경상
2019091800100618,2019년 9월 18일 19시,수요일,광주광역시 서구 화정동,경상사고,0,0,1,0,차대사람 - 횡단중,보행자보호의무위반,포장 - 건조,맑음,단일로 - 기타,승용,여,39세,상해없음,보행자,남,61세,경상
2019091900100056,2019년 9월 19일 02시,목요일,광주광역시 서구 화정동,경상사고,0,0,1,0,차대사람 - 횡단중,신호위반,포장 - 건조,맑음,교차로 - 교차로부근,승용,남,50세,상해없음,보행자,남,36세,경상
2019091900100333,2019년 9월 19일 13시,목요일,광주광역시 남구 주월동,경상사고,0,0,1,0,차대사람 - 기타,신호위반,포장 - 건조,맑음,단일로 - 기타,기타불명,기타불명,미분류,기타불명,보행자,여,37세,경상
2019091900100408,2019년 9월 19일 15시,목요일,광주광역시 북구 용봉동,중상사고,0,1,0,0,차대사람 - 기타,안전운전불이행,포장 - 건조,맑음,교차로 - 교차로안,승용,남,54세,상해없음,보행자,남,48세,중상
2019091900100494,2019년 9월 19일 17시,목요일,광주광역시 남구 진월동,중상사고,0,1,0,0,차대사람 - 기타,안전운전불이행,포장 - 건조,맑음,단일로 - 기타,승용,남,56세,상해없음,보행자,여,64세,중상
2019091900100533,2019년 9월 19일 18시,목요일,광주광역시 북구 일곡동,중상사고,0,1,0,0,차대사람 - 횡단중,안전운전불이행,포장 - 건조,맑음,단일로 - 기타,승용,남,44세,상해없음,보행자,여,48세,중상
2019091900100536,2019년 9월 19일 18시,목요일,광주광역시 북구 매곡동,중상사고,0,1,0,0,차대사람 - 기타,안전운전불이행,포장 - 건조,맑음,단일로 - 기타,승용,남,59세,상해없음,보행자,여,6세,중상
2019091900100538,2019년 9월 19일 18시,목요일,광주광역시 광산구 도천동,경상사고,0,0,1,0,차대사람 - 횡단중,보행자보호의무위반,포장 - 건조,맑음,단일로 - 기타,화물,남,50세,상해없음,보행자,남,24세,경상
2019091900100633,2019년 9월 19일 21시,목요일,광주광역시 북구 두암동,경상사고,0,0,1,0,차대사람 - 횡단중,안전운전불이행,포장 - 건조,맑음,단일로 - 기타,화물,남,63세,상해없음,보행자,여,29세,경상
2019091900100658,2019년 9월 19일 22시,목요일,광주광역시 서구 풍암동,경상사고,0,0,1,0,차대사람 - 횡단중,교차로운행방법위반,포장 - 건조,맑음,교차로 - 교차로부근,승용,남,43세,상해없음,보행자,남,34세,경상
2019092000100029,2019년 9월 20일 00시,금요일,광주광역시 동구 계림동,사망사고,1,0,0,0,차대사람 - 기타,과속,포장 - 건조,맑음,단일로 - 기타,승용,남,40세,상해없음,보행자,남,52세,사망
2019092000100056,2019년 9월 20일 03시,금요일,광주광역시 광산구 월계동,경상사고,0,0,1,0,차대사람 - 기타,안전운전불이행,포장 - 건조,맑음,기타 - 기타,승용,남,55세,상해없음,보행자,여,20세,경상
2019092000100402,2019년 9월 20일 15시,금요일,광주광역시 북구 일곡동,경상사고,0,0,1,0,차대사람 - 차도통행중,안전운전불이행,포장 - 건조,맑음,단일로 - 기타,승용,남,23세,상해없음,보행자,여,83세,경상
2019092000100593,2019년 9월 20일 19시,금요일,광주광역시 남구 양과동,중상사고,0,1,0,0,차대사람 - 횡단중,안전운전불이행,포장 - 건조,맑음,단일로 - 기타,승용,남,74세,상해없음,보행자,여,70세,중상
2019092100100095,2019년 9월 21일 03시,토요일,광주광역시 서구 치평동,부상신고사고,0,0,0,1,차대사람 - 기타,중앙선침범,포장 - 건조,맑음,교차로 - 교차로안,승용,남,21세,상해없음,보행자,남,31세,부상신고
2019092100100372,2019년 9월 21일 14시,토요일,광주광역시 서구 쌍촌동,경상사고,0,0,1,0,차대사람 - 횡단중,안전운전불이행,포장 - 젖음/습기,비,교차로 - 교차로횡단보도내,승용,여,54세,상해없음,보행자,남,70세,경상
2019092100100403,2019년 9월 21일 15시,토요일,광주광역시 서구 매월동,경상사고,0,0,1,0,차대사람 - 기타,안전운전불이행,포장 - 건조,맑음,단일로 - 기타,승합,남,53세,상해없음,보행자,여,54세,경상
2019092100100594,2019년 9월 21일 19시,토요일,광주광역시 광산구 월곡동,중상사고,0,1,0,0,차대사람 - 기타,안전운전불이행,포장 - 젖음/습기,비,교차로 - 교차로부근,승용,남,28세,상해없음,보행자,여,65세,중상
2019092200100451,2019년 9월 22일 20시,일요일,광주광역시 남구 월산동,경상사고,0,0,1,0,차대사람 - 기타,안전운전불이행,포장 - 젖음/습기,비,단일로 - 기타,기타불명,기타불명,미분류,기타불명,보행자,남,80세,경상
2019092300100474,2019년 9월 23일 17시,월요일,광주광역시 남구 방림동,경상사고,0,0,1,0,차대사람 - 기타,안전운전불이행,포장 - 건조,맑음,단일로 - 기타,승합,남,63세,상해없음,보행자,여,49세,경상
2019092400100126,2019년 9월 24일 07시,화요일,광주광역시 남구 진월동,중상사고,0,1,0,0,차대사람 - 횡단중,안전운전불이행,포장 - 건조,맑음,단일로 - 기타,승용,남,39세,상해없음,보행자,여,52세,중상
2019092400100168,2019년 9월 24일 08시,화요일,광주광역시 북구 양산동,경상사고,0,0,1,0,차대사람 - 차도통행중,안전운전불이행,포장 - 건조,맑음,단일로 - 기타,승용,여,31세,상해없음,보행자,남,14세,경상
2019092500100209,2019년 9월 25일 09시,수요일,광주광역시 서구 내방동,경상사고,0,0,1,0,차대사람 - 길가장자리구역통행중,안전운전불이행,포장 - 건조,맑음,단일로 - 기타,승용,여,63세,상해없음,보행자,남,54세,경상
2019092500100244,2019년 9월 25일 10시,수요일,광주광역시 북구 두암동,경상사고,0,0,1,0,차대사람 - 기타,안전운전불이행,포장 - 건조,맑음,단일로 - 기타,승용,여,50세,상해없음,보행자,여,58세,경상
2019092500100280,2019년 9월 25일 11시,수요일,광주광역시 동구 용산동,경상사고,0,0,1,0,차대사람 - 기타,안전운전불이행,포장 - 건조,맑음,교차로 - 교차로안,승용,남,79세,상해없음,보행자,남,24세,경상
2019092500100307,2019년 9월 25일 12시,수요일,광주광역시 북구 매곡동,경상사고,0,0,1,0,차대사람 - 횡단중,안전운전불이행,포장 - 건조,맑음,단일로 - 기타,승용,남,62세,상해없음,보행자,여,25세,경상