사고번호,사고일시,요일,시군구,사고내용,사망자수,중상자수,경상자수,부상신고자수,사고유형,법규위반,노면상태,기상상태,도로형태,가해운전자 차종,가해운전자 성별,가해운전자 연령,가해운전자 상해정도,피해운전자 차종,피해운전자 성별,피해운전자 연령,피해운전자 상해정도
2020042700100129,2020년 4월 27일 09시,월요일,광주광역시 남구 월산동,경상사고,0,0,1,0,차대사람 - 기타,안전운전불이행,포장 - 건조,맑음,교차로 - 교차로안,화물,남,54세,기타불명,보행자,여,82세,경상
2020042700100168,2020년 4월 27일 10시,월요일,광주광역시 북구 동림동,경상사고,0,0,1,0,차대사람 - 기타,안전운전불이행,포장 - 건조,맑음,기타 - 기타,화물,남,49세,상해없음,보행자,여,61세,경상
2020042700100309,2020년 4월 27일 14시,월요일,광주광역시 서구 동천동,경상사고,0,0,1,0,차대사람 - 기타,안전운전불이행,포장 - 건조,맑음,단일로 - 기타,승용,남,42세,상해없음,보행자,남,27세,경상
2020042700100519,2020년 4월 27일 19시,월요일,광주광역시 서구 양동,경상사고,0,0,1,0,차대사람 - 기타,안전운전불이행,포장 - 건조,맑음,단일로 - 기타,승용,남,54세,상해없음,보행자,여,75세,경상
2020042800100617,2020년 4월 28일 22시,화요일,광주광역시 동구 장동,중상사고,0,1,1,0,차대사람 - 횡단중,보행자보호의무위반,포장 - 건조,맑음,교차로 - 교차로횡단보도내,이륜,남,19세,경상,보행자,남,20세,중상
2020042800100634,2020년 4월 28일 23시,화요일,광주광역시 북구 용봉동,중상사고,0,1,1,0,차대사람 - 횡단중,신호위반,포장 - 건조,맑음,단일로 - 기타,승용,남,35세,상해없음,보행자,여,57세,경상
2020042900100163,2020년 4월 29일 10시,수요일,광주광역시 북구 두암동,경상사고,0,0,1,0,차대사람 - 횡단중,안전운전불이행,포장 - 건조,맑음,단일로 - 기타,화물,남,47세,상해없음,보행자,남,46세,경상
2020042900100311,2020년 4월 29일 14시,수요일,광주광역시 동구 금남로5가,경상사고,0,0,1,0,차대사람 - 기타,보행자보호의무위반,포장 - 건조,맑음,교차로 - 교차로횡단보도내,자전거,남,28세,상해없음,보행자,남,74세,경상
2020042900100461,2020년 4월 29일 17시,수요일,광주광역시 남구 월산동,경상사고,0,0,1,0,차대사람 - 횡단중,안전운전불이행,포장 - 건조,맑음,단일로 - 기타,승용,여,50세,상해없음,보행자,남,6세,경상
2020043000100238,2020년 4월 30일 12시,목요일,광주광역시 남구 서동,경상사고,0,0,1,0,차대사람 - 차도통행중,안전운전불이행,포장 - 건조,맑음,단일로 - 기타,승용,남,53세,상해없음,보행자,남,6세,경상
2020043000100282,2020년 4월 30일 13시,목요일,광주광역시 북구 용두동,중상사고,0,1,0,0,차대사람 - 횡단중,안전운전불이행,포장 - 건조,맑음,단일로 - 기타,화물,남,44세,상해없음,보행자,남,41세,중상
2020043000100326,2020년 4월 30일 14시,목요일,광주광역시 광산구 우산동,경상사고,0,0,1,0,차대사람 - 기타,안전운전불이행,포장 - 건조,맑음,주차장 - 주차장,승용,남,69세,상해없음,보행자,남,46세,경상
2020043000100516,2020년 4월 30일 19시,목요일,광주광역시 남구 백운동,경상사고,0,0,2,0,차대사람 - 기타,보행자보호의무위반,포장 - 건조,맑음,단일로 - 기타,화물,남,83세,상해없음,보행자,남,40세,경상
2020050100100014,2020년 5월 1일 00시,금요일,광주광역시 북구 오치동,경상사고,0,0,1,0,차대사람 - 횡단중,안전운전불이행,포장 - 건조,맑음,교차로 - 교차로안,화물,남,29세,상해없음,보행자,여,57세,경상
2020050100100141,2020년 5월 1일 10시,금요일,광주광역시 서구 쌍촌동,경상사고,0,0,1,0,차대사람 - 횡단중,안전운전불이행,포장 - 건조,맑음,교차로 - 교차로부근,화물,남,46세,상해없음,보행자,여,59세,경상
2020050100100331,2020년 5월 1일 15시,금요일,광주광역시 남구 주월동,경상사고,0,0,1,0,차대사람 - 기타,안전운전불이행,포장 - 건조,맑음,단일로 - 기타,승용,남,47세,상해없음,보행자,남,24세,경상
2020050100100380,2020년 5월 1일 16시,금요일,광주광역시 서구 쌍촌동,경상사고,0,0,1,0,차대사람 - 횡단중,보행자보호의무위반,포장 - 건조,맑음,교차로 - 교차로부근,이륜,남,29세,상해없음,보행자,여,22세,경상
2020050100100418,2020년 5월 1일 17시,금요일,광주광역시 북구 운암동,경상사고,0,0,1,0,차대사람 - 기타,안전운전불이행,포장 - 건조,맑음,단일로 - 기타,승용,남,47세,상해없음,보행자,남,58세,경상
2020050100100522,2020년 5월 1일 20시,금요일,광주광역시 남구 백운동,경상사고,0,0,1,0,차대사람 - 횡단중,신호위반,포장 - 건조,맑음,단일로 - 기타,승용,남,50세,상해없음,보행자,여,17세,경상
2020050100100554,2020년 5월 1일 21시,금요일,광주광역시 북구 오치동,경상사고,0,0,1,0,차대사람 - 기타,안전운전불이행,포장 - 건조,맑음,단일로 - 기타,승용,여,41세,상해없음,보행자,여,18세,경상
2020050200100036,2020년 5월 2일 01시,토요일,광주광역시 동구 금동,경상사고,0,0,1,0,차대사람 - 기타,안전운전불이행,포장 - 건조,맑음,단일로 - 기타,승용,남,19세,상해없음,보행자,남,41세,경상
2020050200100339,2020년 5월 2일 15시,토요일,광주광역시 광산구 소촌동,중상사고,0,1,0,0,차대사람 - 횡단중,신호위반,포장 - 건조,맑음,교차로 - 교차로횡단보도내,화물,남,53세,상해없음,보행자,여,61세,중상
2020050200100368,2020년 5월 2일 16시,토요일,광주광역시 광산구 월곡동,경상사고,0,0,1,0,차대사람 - 기타,안전운전불이행,포장 - 젖음/습기,흐림,교차로 - 교차로부근,승용,남,45세,상해없음,보행자,여,57세,경상
2020050200100556,2020년 5월 2일 23시,토요일,광주광역시 광산구 우산동,경상사고,0,0,1,0,차대사람 - 기타,안전운전불이행,포장 - 젖음/습기,비,교차로 - 교차로안,승용,남,56세,상해없음,보행자,여,33세,경상
2020050300100012,2020년 5월 3일 00시,일요일,광주광역시 북구 운암동,경상사고,0,0,1,0,차대사람 - 보도통행중,안전운전불이행,포장 - 젖음/습기,흐림,교차로 - 교차로안,승용,남,60세,상해없음,보행자,남,50세,경상
2020050400100374,2020년 5월 4일 15시,월요일,광주광역시 북구 두암동,중상사고,0,1,0,0,차대사람 - 기타,안전운전불이행,포장 - 건조,맑음,교차로 - 교차로부근,승용,남,53세,상해없음,보행자,여,77세,중상
2020050400100474,2020년 5월 4일 17시,월요일,광주광역시 남구 월산동,경상사고,0,0,1,0,차대사람 - 차도통행중,안전운전불이행,포장 - 건조,맑음,단일로 - 기타,승용,여,63세,상해없음,보행자,남,4세,경상
2020050500100358,2020년 5월 5일 19시,화요일,광주광역시 북구 양산동,부상신고사고,0,0,0,1,차대사람 - 기타,안전운전불이행,포장 - 젖음/습기,비,교차로 - 교차로부근,기타불명,기타불명,미분류,기타불명,보행자,여,31세,부상신고
2020050600100138,2020년 5월 6일 09시,수요일,광주광역시 남구 방림동,중상사고,0,1,0,0,차대사람 - 기타,신호위반,포장 - 건조,맑음,교차로 - 교차로안,승용,남,75세,상해없음,보행자,여,67세,중상
2020050600100486,2020년 5월 6일 17시,수요일,광주광역시 서구 화정동,경상사고,0,0,1,0,차대사람 - 횡단중,안전운전불이행,포장 - 건조,맑음,기타 - 기타,승용,남,62세,상해없음,보행자,남,19세,경상
2020050600100487,2020년 5월 6일 17시,수요일,광주광역시 북구 오룡동,경상사고,0,0,1,0,차대사람 - 기타,안전운전불이행,포장 - 건조,맑음,교차로 - 교차로부근,화물,남,52세,상해없음,보행자,남,61세,경상
2020050600100601,2020년 5월 6일 20시,수요일,광주광역시 북구 일곡동,경상사고,0,0,1,0,차대사람 - 기타,보행자보호의무위반,포장 - 건조,맑음,교차로 - 교차로부근,기타불명,기타불명,미분류,기타불명,보행자,여,66세,경상
2020050600100603,2020년 5월 6일 20시,수요일,광주광역시 북구 용봉동,부상신고사고,0,0,0,1,차대사람 - 기타,안전운전불이행,포장 - 건조,흐림,단일로 - 기타,기타불명,기타불명,미분류,기타불명,보행자,여,23세,부상신고
2020050700100139,2020년 5월 7일 08시,목요일,광주광역시 서구 화정동,경상사고,0,0,1,0,차대사람 - 횡단중,안전운전불이행,포장 - 건조,맑음,교차로 - 교차로안,승용,남,31세,상해없음,보행자,여,30세,경상
2020050700100262,2020년 5월 7일 11시,목요일,광주광역시 남구 백운동,중상사고,0,1,0,0,차대사람 - 횡단중,안전운전불이행,포장 - 건조,맑음,단일로 - 기타,승용,남,34세,상해없음,보행자,여,72세,중상
2020050700100501,2020년 5월 7일 17시,목요일,광주광역시 남구 월산동,경상사고,0,0,1,0,차대사람 - 기타,안전운전불이행,포장 - 건조,맑음,단일로 - 기타,승용,여,38세,상해없음,보행자,남,67세,경상
2020050700100639,2020년 5월 7일 21시,목요일,광주광역시 동구 지산동,경상사고,0,0,1,0,차대사람 - 기타,안전운전불이행,포장 - 건조,맑음,교차로 - 교차로안,화물,남,56세,상해없음,보행자,남,24세,경상
2020050800100067,2020년 5월 8일 07시,금요일,광주광역시 북구 용봉동,경상사고,0,0,2,0,차대사람 - 횡단중,신호위반,포장 - 서리/결빙,맑음,교차로 - 교차로안,승용,남,73세,상해없음,보행자,여,63세,경상
2020050800100135,2020년 5월 8일 09시,금요일,광주광역시 서구 농성동,경상사고,0,0,1,0,차대사람 - 기타,안전운전불이행,포장 - 건조,맑음,단일로 - 기타,화물,남,42세,상해없음,보행자,남,70세,경상
2020050800100168,2020년 5월 8일 10시,금요일,광주광역시 남구 백운동,중상사고,0,1,1,0,차대사람 - 횡단중,안전운전불이행,포장 - 건조,맑음,단일로 - 기타,이륜,남,63세,경상,보행자,여,65세,중상
2020050800100238,2020년 5월 8일 12시,금요일,광주광역시 동구 금동,경상사고,0,0,1,0,차대사람 - 횡단중,보행자보호의무위반,포장 - 건조,맑음,교차로 - 교차로횡단보도내,승용,남,19세,상해없음,보행자,여,57세,경상
2020050800100304,2020년 5월 8일 14시,금요일,광주광역시 남구 월산동,경상사고,0,0,1,0,차대사람 - 길가장자리구역통행중,안전거리미확보,포장 - 건조,맑음,단일로 - 기타,승용,남,34세,상해없음,보행자,남,41세,경상
2020050800100347,2020년 5월 8일 15시,금요일,광주광역시 광산구 월계동,중상사고,0,1,0,0,차대사람 - 기타,신호위반,포장 - 건조,맑음,교차로 - 교차로횡단보도내,승합,남,58세,상해없음,보행자,여,11세,중상
2020050800100469,2020년 5월 8일 18시,금요일,광주광역시 북구 우산동,경상사고,0,0,1,0,차대사람 - 기타,안전운전불이행,포장 - 건조,맑음,단일로 - 기타,승용,여,44세,상해없음,보행자,여,2세,경상
2020050800100530,2020년 5월 8일 19시,금요일,광주광역시 서구 화정동,경상사고,0,0,1,0,차대사람 - 차도통행중,안전운전불이행,포장 - 건조,맑음,단일로 - 기타,승용,남,25세,상해없음,보행자,여,38세,경상
2020050800100668,2020년 5월 8일 21시,금요일,광주광역시 서구 치평동,경상사고,0,0,1,0,차대사람 - 횡단중,보행자보호의무위반,포장 - 건조,맑음,교차로 - 교차로안,이륜,남,35세,상해없음,보행자,여,45세,경상
2020050800100753,2020년 5월 8일 23시,금요일,광주광역시 서구 농성동,경상사고,0,0,1,0,차대사람 - 기타,안전운전불이행,포장 - 젖음/습기,비,교차로 - 교차로부근,승용,남,67세,상해없음,보행자,남,39세,경상
2020050900100053,2020년 5월 9일 01시,토요일,광주광역시 서구 금호동,경상사고,0,0,1,0,차대사람 - 횡단중,신호위반,포장 - 건조,맑음,교차로 - 교차로횡단보도내,원동기,남,38세,상해없음,보행자,여,15세,경상
2020051000100056,2020년 5월 10일 03시,일요일,광주광역시 광산구 수완동,경상사고,0,0,1,0,차대사람 - 기타,안전운전불이행,포장 - 젖음/습기,비,교차로 - 교차로안,승용,여,39세,상해없음,보행자,남,21세,경상
2020051100100289,2020년 5월 11일 12시,월요일,광주광역시 남구 송하동,중상사고,0,1,0,0,차대사람 - 횡단중,신호위반,포장 - 건조,맑음,교차로 - 교차로횡단보도내,승용,남,63세,상해없음,보행자,여,36세,중상
2020051100100460,2020년 5월 11일 16시,월요일,광주광역시 서구 양동,중상사고,0,1,0,0,차대사람 - 횡단중,안전운전불이행,포장 - 건조,맑음,단일로 - 기타,승용,여,62세,상해없음,보행자,여,74세,중상
2020051100100462,2020년 5월 11일 16시,월요일,광주광역시 광산구 월곡동,경상사고,0,0,1,0,차대사람 - 횡단중,보행자보호의무위반,포장 - 건조,맑음,교차로 - 교차로횡단보도내,승합,남,59세,상해없음,보행자,여,13세,경상
2020051200100026,2020년 5월 12일 01시,화요일,광주광역시 북구 오치동,중상사고,0,1,0,0,차대사람 - 횡단중,보행자보호의무위반,포장 - 건조,맑음,교차로 - 교차로횡단보도내,승용,남,28세,상해없음,보행자,남,25세,중상
2020051200100234,2020년 5월 12일 11시,화요일,광주광역시 광산구 우산동,부상신고사고,0,0,0,1,차대사람 - 기타,안전운전불이행,포장 - 건조,맑음,단일로 - 기타,자전거,남,73세,상해없음,보행자,여,55세,부상신고
2020051200100283,2020년 5월 12일 13시,화요일,광주광역시 서구 내방동,경상사고,0,0,1,0,차대사람 - 길가장자리구역통행중,안전운전불이행,포장 - 건조,맑음,단일로 - 기타,승용,여,65세,상해없음,보행자,여,48세,경상
2020051200100313,2020년 5월 12일 14시,화요일,광주광역시 북구 용봉동,중상사고,0,1,0,0,차대사람 - 차도통행중,안전운전불이행,포장 - 건조,맑음,단일로 - 기타,원동기,남,17세,상해없음,보행자,남,41세,중상
2020051200100440,2020년 5월 12일 17시,화요일,광주광역시 북구 용전동,사망사고,1,0,0,0,차대사람 - 횡단중,과속,포장 - 건조,맑음,기타 - 기타,승용,남,52세,상해없음,보행자,남,88세,사망
2020051300100079,2020년 5월 13일 06시,수요일,광주광역시 북구 문흥동,중상사고,0,1,0,0,차대사람 - 기타,기타,포장 - 건조,맑음,단일로 - 기타,화물,남,40세,상해없음,보행자,남,41세,중상
2020051300100134,2020년 5월 13일 08시,수요일,광주광역시 동구 학동,경상사고,0,0,1,0,차대사람 - 횡단중,안전운전불이행,포장 - 건조,맑음,교차로 - 교차로안,승용,남,32세,상해없음,보행자,남,65세,경상
2020051500100345,2020년 5월 15일 15시,금요일,광주광역시 북구 유동,부상신고사고,0,0,0,1,차대사람 - 기타,안전운전불이행,포장 - 건조,맑음,교차로 - 교차로안,승용,남,45세,상해없음,보행자,여,57세,부상신고
2020051600100023,2020년 5월 16일 00시,토요일,광주광역시 남구 봉선동,중상사고,0,1,0,0,차대사람 - 횡단중,안전운전불이행,포장 - 건조,맑음,교차로 - 교차로부근,승용,남,19세,상해없음,보행자,남,54세,중상
2020051600100133,2020년 5월 16일 09시,토요일,광주광역시 북구 용봉동,경상사고,0,0,1,0,차대사람 - 기타,안전운전불이행,포장 - 건조,맑음,단일로 - 기타,승용,여,55세,상해없음,보행자,여,56세,경상
2020051600100524,2020년 5월 16일 22시,토요일,광주광역시 남구 방림동,부상신고사고,0,0,0,1,차대사람 - 횡단중,보행자보호의무위반,포장 - 건조,맑음,단일로 - 기타,승용,남,43세,상해없음,보행자,남,86세,부상신고
2020051700100265,2020년 5월 17일 15시,일요일,광주광역시 북구 문흥동,경상사고,0,0,1,0,차대사람 - 기타,안전운전불이행,포장 - 건조,맑음,단일로 - 기타,승용,여,54세,상해없음,보행자,여,30세,경상
2020051700100382,2020년 5월 17일 19시,일요일,광주광역시 남구 지석동,사망사고,1,0,0,0,차대사람 - 횡단중,안전운전불이행,포장 - 건조,맑음,교차로 - 교차로안,승용,여,60세,상해없음,보행자,여,78세,사망
2020051800100123,2020년 5월 18일 09시,월요일,광주광역시 서구 화정동,경상사고,0,0,1,0,차대사람 - 차도통행중,안전운전불이행,포장 - 건조,맑음,단일로 - 기타,화물,남,29세,상해없음,보행자,여,78세,경상
2020051800100192,2020년 5월 18일 11시,월요일,광주광역시 광산구 송정동,중상사고,0,1,0,0,차대사람 - 기타,안전운전불이행,포장 - 건조,맑음,교차로 - 교차로안,승용,남,48세,상해없음,보행자,여,78세,중상
2020051800100269,2020년 5월 18일 13시,월요일,광주광역시 북구 오치동,중상사고,0,1,0,0,차대사람 - 기타,보행자보호의무위반,포장 - 건조,맑음,교차로 - 교차로횡단보도내,이륜,남,40세,상해없음,보행자,여,57세,중상
2020051800100410,2020년 5월 18일 16시,월요일,광주광역시 남구 노대동,경상사고,0,0,1,0,차대사람 - 기타,안전운전불이행,포장 - 건조,맑음,기타 - 기타,이륜,남,56세,상해없음,보행자,남,23세,경상
2020051800100533,2020년 5월 18일 19시,월요일,광주광역시 서구 치평동,경상사고,0,0,1,0,차대사람 - 기타,안전운전불이행,포장 - 적설,맑음,단일로 - 기타,기타불명,기타불명,미분류,기타불명,보행자,여,31세,경상
2020051800100631,2020년 5월 18일 22시,월요일,광주광역시 광산구 월곡동,부상신고사고,0,0,0,1,차대사람 - 기타,안전운전불이행,포장 - 건조,맑음,교차로 - 교차로안,기타불명,기타불명,미분류,기타불명,보행자,남,51세,부상신고
2020051900100178,2020년 5월 19일 11시,화요일,광주광역시 남구 봉선동,중상사고,0,1,0,0,차대사람 - 횡단중,보행자보호의무위반,포장 - 젖음/습기,비,단일로 - 기타,승용,남,62세,상해없음,보행자,여,54세,중상
2020051900100399,2020년 5월 19일 17시,화요일,광주광역시 서구 농성동,경상사고,0,0,1,0,차대사람 - 길가장자리구역통행중,안전운전불이행,포장 - 건조,맑음,단일로 - 기타,승용,남,39세,상해없음,보행자,남,48세,경상
2020052000100199,2020년 5월 20일 10시,수요일,광주광역시 동구 지산동,경상사고,0,0,1,0,차대사람 - 기타,안전운전불이행,포장 - 건조,맑음,단일로 - 기타,승용,남,67세,상해없음,보행자,남,24세,경상
2020052000100244,2020년 5월 20일 11시,수요일,광주광역시 서구 치평동,경상사고,0,0,1,0,차대사람 - 기타,안전운전불이행,포장 - 건조,맑음,단일로 - 기타,기타불명,기타불명,미분류,기타불명,보행자,여,53세,경상
2020052000100291,2020년 5월 20일 12시,수요일,광주광역시 서구 치평동,중상사고,0,1,0,0,차대사람 - 횡단중,안전운전불이행,포장 - 건조,맑음,교차로 - 교차로횡단보도내,승용,남,57세,상해없음,보행자,남,77세,중상
2020052000100621,2020년 5월 20일 20시,수요일,광주광역시 동구 지산동,경상사고,0,0,1,0,차대사람 - 기타,안전운전불이행,포장 - 건조,맑음,단일로 - 기타,승용,남,19세,상해없음,보행자,남,27세,경상
2020052000100688,2020년 5월 20일 23시,수요일,광주광역시 북구 운암동,경상사고,0,0,1,0,차대사람 - 횡단중,신호위반,포장 - 건조,맑음,교차로 - 교차로횡단보도내,이륜,남,18세,상해없음,보행자,남,8세,경상
2020052100100118,2020년 5월 21일 08시,목요일,광주광역시 북구 문흥동,경상사고,0,0,1,0,차대사람 - 기타,안전운전불이행,포장 - 건조,맑음,단일로 - 기타,승용,여,31세,상해없음,보행자,여,24세,경상
2020052100100327,2020년 5월 21일 14시,목요일,광주광역시 동구 학동,중상사고,0,1,0,0,차대사람 - 기타,안전운전불이행,포장 - 건조,맑음,단일로 - 기타,승용,여,44세,상해없음,보행자,남,58세,중상
2020052100100372,2020년 5월 21일 15시,목요일,광주광역시 남구 진월동,경상사고,0,0,1,0,차대사람 - 기타,기타,포장 - 건조,맑음,단일로 - 기타,자전거,여,41세,상해없음,보행자,여,67세,경상
2020052200100061,2020년 5월 22일 06시,금요일,광주광역시 광산구 월전동,중상사고,0,1,0,0,차대사람 - 횡단중,보행자보호의무위반,포장 - 건조,맑음,교차로 - 교차로안,승용,남,52세,상해없음,보행자,여,70세,중상
2020052200100292,2020년 5월 22일 13시,금요일,광주광역시 남구 백운동,경상사고,0,0,1,0,차대사람 - 기타,안전운전불이행,포장 - 건조,맑음,단일로 - 기타,승용,여,39세,상해없음,보행자,여,63세,경상
2020052200100468,2020년 5월 22일 17시,금요일,광주광역시 서구 화정동,중상사고,0,1,0,0,차대사람 - 보도통행중,안전운전불이행,포장 - 건조,맑음,단일로 - 기타,승용,남,61세,상해없음,보행자,여,6세,중상
2020052200100532,2020년 5월 22일 18시,금요일,광주광역시 북구 양산동,중상사고,0,1,0,0,차대사람 - 기타,안전운전불이행,포장 - 건조,맑음,단일로 - 기타,승용,여,36세,상해없음,보행자,여,11세,중상
2020052300100410,2020년 5월 23일 16시,토요일,광주광역시 광산구 산정동,경상사고,0,0,1,0,차대사람 - 차도통행중,안전운전불이행,포장 - 건조,맑음,단일로 - 기타,승용,남,23세,상해없음,보행자,여,21세,경상
2020052300100569,2020년 5월 23일 21시,토요일,광주광역시 광산구 송정동,경상사고,0,0,1,0,차대사람 - 횡단중,보행자보호의무위반,포장 - 건조,맑음,교차로 - 교차로횡단보도내,승용,남,51세,상해없음,보행자,남,13세,경상
2020052300100615,2020년 5월 23일 23시,토요일,광주광역시 서구 치평동,경상사고,0,0,1,0,차대사람 - 기타,안전운전불이행,포장 - 건조,맑음,단일로 - 기타,승용,남,59세,상해없음,보행자,남,26세,경상
2020052400100034,2020년 5월 24일 01시,일요일,광주광역시 동구 금동,경상사고,0,0,1,0,차대사람 - 기타,안전운전불이행,포장 - 건조,맑음,단일로 - 기타,승용,남,28세,상해없음,보행자,남,20세,경상
2020052400100192,2020년 5월 24일 12시,일요일,광주광역시 광산구 선암동,경상사고,0,0,1,0,차대사람 - 횡단중,안전운전불이행,포장 - 젖음/습기,비,교차로 - 교차로부근,승용,남,71세,상해없음,보행자,남,60세,경상
2020052400100369,2020년 5월 24일 18시,일요일,광주광역시 서구 화정동,경상사고,0,0,1,0,차대사람 - 기타,안전운전불이행,포장 - 건조,맑음,단일로 - 기타,승용,남,32세,상해없음,보행자,남,58세,경상
2020052500100107,2020년 5월 25일 08시,월요일,광주광역시 남구 봉선동,경상사고,0,0,1,0,차대사람 - 횡단중,보행자보호의무위반,포장 - 건조,맑음,교차로 - 교차로횡단보도내,승용,남,34세,상해없음,보행자,남,13세,경상
2020052500100142,2020년 5월 25일 09시,월요일,광주광역시 북구 오치동,경상사고,0,0,1,0,차대사람 - 횡단중,보행자보호의무위반,포장 - 건조,맑음,교차로 - 교차로안,승용,여,55세,상해없음,보행자,여,57세,경상
2020052500100172,2020년 5월 25일 10시,월요일,광주광역시 광산구 송정동,중상사고,0,1,0,0,차대사람 - 횡단중,안전운전불이행,포장 - 건조,맑음,단일로 - 기타,화물,남,55세,상해없음,보행자,남,75세,중상
2020052500100208,2020년 5월 25일 11시,월요일,광주광역시 서구 쌍촌동,중상사고,0,1,0,0,차대사람 - 횡단중,신호위반,포장 - 건조,맑음,교차로 - 교차로부근,화물,여,52세,상해없음,보행자,여,77세,중상
2020052500100469,2020년 5월 25일 18시,월요일,광주광역시 서구 풍암동,경상사고,0,0,1,0,차대사람 - 기타,안전운전불이행,포장 - 건조,맑음,단일로 - 기타,기타불명,기타불명,미분류,기타불명,보행자,남,18세,경상
2020052600100015,2020년 5월 26일 00시,화요일,광주광역시 서구 치평동,부상신고사고,0,0,0,1,차대사람 - 기타,안전운전불이행,포장 - 건조,맑음,단일로 - 기타,기타불명,기타불명,미분류,기타불명,보행자,여,24세,부상신고
2020052600100050,2020년 5월 26일 05시,화요일,광주광역시 동구 광산동,경상사고,0,0,1,0,차대사람 - 기타,안전운전불이행,포장 - 건조,맑음,단일로 - 기타,승용,남,20세,상해없음,보행자,여,18세,경상
2020052600100120,2020년 5월 26일 08시,화요일,광주광역시 북구 일곡동,사망사고,1,0,0,0,차대사람 - 기타,안전운전불이행,포장 - 건조,맑음,교차로 - 교차로안,화물,남,61세,상해없음,보행자,남,59세,사망
2020052600100178,2020년 5월 26일 10시,화요일,광주광역시 광산구 신촌동,중상사고,0,1,0,0,차대사람 - 기타,불법유턴,포장 - 건조,맑음,단일로 - 기타,화물,남,42세,상해없음,보행자,여,82세,중상
2020052600100395,2020년 5월 26일 16시,화요일,광주광역시 광산구 수완동,중상사고,0,1,0,0,차대사람 - 횡단중,보행자보호의무위반,포장 - 건조,맑음,교차로 - 교차로횡단보도내,승용,남,29세,상해없음,보행자,남,7세,중상
2020052700100340,2020년 5월 27일 14시,수요일,광주광역시 북구 운암동,경상사고,0,0,1,0,차대사람 - 횡단중,안전운전불이행,포장 - 건조,맑음,단일로 - 기타,승용,남,62세,상해없음,보행자,여,68세,경상
2020052700100544,2020년 5월 27일 18시,수요일,광주광역시 동구 충장로2가,경상사고,0,0,1,0,차대사람 - 기타,안전운전불이행,포장 - 건조,맑음,단일로 - 기타,승용,남,73세,상해없음,보행자,여,17세,경상
2020052700100587,2020년 5월 27일 19시,수요일,광주광역시 광산구 수완동,경상사고,0,0,1,0,차대사람 - 기타,안전운전불이행,포장 - 건조,맑음,기타 - 기타,기타불명,남,5세,상해없음,보행자,여,29세,경상
2020052800100201,2020년 5월 28일 10시,목요일,광주광역시 북구 운암동,경상사고,0,0,1,0,차대사람 - 기타,안전운전불이행,포장 - 건조,맑음,단일로 - 기타,승용,여,33세,상해없음,보행자,여,83세,경상
2020052800100349,2020년 5월 28일 14시,목요일,광주광역시 북구 운암동,중상사고,0,1,0,0,차대사람 - 횡단중,안전운전불이행,포장 - 건조,맑음,교차로 - 교차로안,승용,남,50세,상해없음,보행자,남,7세,중상
2020052800100555,2020년 5월 28일 20시,목요일,광주광역시 남구 임암동,중상사고,0,1,0,0,차대사람 - 기타,신호위반,포장 - 건조,맑음,교차로 - 교차로안,이륜,남,19세,기타불명,보행자,여,14세,중상
2020052800100586,2020년 5월 28일 21시,목요일,광주광역시 광산구 월곡동,경상사고,0,0,1,0,차대사람 - 횡단중,안전운전불이행,포장 - 건조,맑음,단일로 - 기타,승용,남,37세,상해없음,보행자,여,46세,경상
2020052800100614,2020년 5월 28일 22시,목요일,광주광역시 북구 용봉동,경상사고,0,0,1,1,차대사람 - 기타,안전운전불이행,포장 - 건조,맑음,단일로 - 기타,이륜,남,21세,경상,보행자,남,60세,부상신고
2020052900100023,2020년 5월 29일 01시,금요일,광주광역시 서구 치평동,경상사고,0,0,1,0,차대사람 - 횡단중,신호위반,포장 - 건조,맑음,교차로 - 교차로안,기타불명,기타불명,미분류,기타불명,보행자,남,42세,경상
2020052900100184,2020년 5월 29일 09시,금요일,광주광역시 광산구 옥동,경상사고,0,0,1,0,차대사람 - 횡단중,보행자보호의무위반,포장 - 건조,맑음,교차로 - 교차로횡단보도내,화물,남,30세,상해없음,보행자,여,56세,경상
2020052900100367,2020년 5월 29일 14시,금요일,광주광역시 북구 운암동,사망사고,1,0,0,0,차대사람 - 기타,안전운전불이행,포장 - 건조,맑음,단일로 - 기타,건설기계,남,56세,상해없음,보행자,여,98세 이상,사망
2020052900100688,2020년 5월 29일 21시,금요일,광주광역시 북구 연제동,중상사고,0,1,0,0,차대사람 - 횡단중,안전운전불이행,포장 - 건조,맑음,교차로 - 교차로부근,승용,여,60세,상해없음,보행자,남,20세,중상
2020053000100014,2020년 5월 30일 00시,토요일,광주광역시 북구 용봉동,경상사고,0,0,2,0,차대사람 - 기타,안전운전불이행,포장 - 건조,맑음,교차로 - 교차로부근,승용,남,31세,상해없음,보행자,남,26세,경상
2020053000100165,2020년 5월 30일 09시,토요일,광주광역시 북구 운암동,중상사고,0,1,0,0,차대사람 - 기타,안전운전불이행,포장 - 건조,맑음,단일로 - 기타,승용,남,48세,상해없음,보행자,여,26세,중상